timestamp,commit,pr,subject,suite,module,lines_covered,lines_total,line_pct,branches_covered,branches_total,branch_pct,instructions_covered,instructions_total,instruction_pct
2026-09-15T15:02:19Z,2344932,994,build: migrate unit test coverage from JaCoCo to Kover,unit,maps-compose,0,1953,0.0,0,1800,0.0,0,25121,0.0
2026-09-15T15:02:19Z,2344932,994,build: migrate unit test coverage from JaCoCo to Kover,unit,maps-compose-utils,11,540,2.04,2,412,0.49,70,6602,1.06
2026-09-15T15:02:19Z,2344932,994,build: migrate unit test coverage from JaCoCo to Kover,unit,maps-compose-widgets,0,146,0.0,0,68,0.0,0,1491,0.0
2026-09-15T15:02:19Z,2344932,994,build: migrate unit test coverage from JaCoCo to Kover,unit,TOTAL,11,2639,0.42,2,2280,0.09,70,33214,0.21
2026-09-15T18:47:12Z,a24cc53,1000,ci: record unit and instrumentation test coverage history,unit,maps-compose,0,1953,0.0,0,1800,0.0,0,25121,0.0
2026-09-15T18:47:12Z,a24cc53,1000,ci: record unit and instrumentation test coverage history,unit,maps-compose-utils,11,540,2.04,2,412,0.49,70,6602,1.06
2026-09-15T18:47:12Z,a24cc53,1000,ci: record unit and instrumentation test coverage history,unit,maps-compose-widgets,0,146,0.0,0,68,0.0,0,1491,0.0
2026-09-15T18:47:12Z,a24cc53,1000,ci: record unit and instrumentation test coverage history,unit,TOTAL,11,2639,0.42,2,2280,0.09,70,33214,0.21
2026-09-15T18:47:12Z,a24cc53,1000,ci: record unit and instrumentation test coverage history,instrumentation,maps-app,509,2338,21.77,80,402,19.9,4799,19503,24.61
2026-09-15T18:47:12Z,a24cc53,1000,ci: record unit and instrumentation test coverage history,instrumentation,maps-compose-widgets,10,149,6.71,0,48,0.0,62,892,6.95
2026-09-15T18:47:12Z,a24cc53,1000,ci: record unit and instrumentation test coverage history,instrumentation,TOTAL,519,2487,20.87,80,450,17.78,4861,20395,23.83
2026-09-17T21:45:37Z,2405308,1006,ci: move coverage history off main and wait for the emulator run,unit,maps-compose,0,1953,0.0,0,1800,0.0,0,25121,0.0
2026-09-17T21:45:37Z,2405308,1006,ci: move coverage history off main and wait for the emulator run,unit,maps-compose-utils,11,540,2.04,2,412,0.49,70,6602,1.06
2026-09-17T21:45:37Z,2405308,1006,ci: move coverage history off main and wait for the emulator run,unit,maps-compose-widgets,0,146,0.0,0,68,0.0,0,1491,0.0
2026-09-17T21:45:37Z,2405308,1006,ci: move coverage history off main and wait for the emulator run,unit,TOTAL,11,2639,0.42,2,2280,0.09,70,33214,0.21
2026-09-17T21:45:40Z,2405308,1006,ci: move coverage history off main and wait for the emulator run,instrumentation,maps-app,509,2338,21.77,80,402,19.9,4799,19503,24.61
2026-09-17T21:45:40Z,2405308,1006,ci: move coverage history off main and wait for the emulator run,instrumentation,maps-compose-widgets,10,149,6.71,0,48,0.0,62,892,6.95
2026-09-17T21:45:40Z,2405308,1006,ci: move coverage history off main and wait for the emulator run,instrumentation,TOTAL,519,2487,20.87,80,450,17.78,4861,20395,23.83
2026-09-18T21:29:12Z,0eae049,996,chore(deps): bump github/codeql-action/upload-sarif,unit,maps-compose,0,1953,0.0,0,1800,0.0,0,25121,0.0
2026-09-18T21:29:12Z,0eae049,996,chore(deps): bump github/codeql-action/upload-sarif,unit,maps-compose-utils,11,540,2.04,2,412,0.49,70,6602,1.06
2026-09-18T21:29:12Z,0eae049,996,chore(deps): bump github/codeql-action/upload-sarif,unit,maps-compose-widgets,0,146,0.0,0,68,0.0,0,1491,0.0
2026-09-18T21:29:12Z,0eae049,996,chore(deps): bump github/codeql-action/upload-sarif,unit,TOTAL,11,2639,0.42,2,2280,0.09,70,33214,0.21
2026-09-22T18:23:07Z,b0d6420,1009,feat(ci): publish an instrumented coverage badge,unit,maps-compose,0,1953,0.0,0,1800,0.0,0,25121,0.0
2026-09-22T18:23:07Z,b0d6420,1009,feat(ci): publish an instrumented coverage badge,unit,maps-compose-utils,11,540,2.04,2,412,0.49,70,6602,1.06
2026-09-22T18:23:07Z,b0d6420,1009,feat(ci): publish an instrumented coverage badge,unit,maps-compose-widgets,0,146,0.0,0,68,0.0,0,1491,0.0
2026-09-22T18:23:07Z,b0d6420,1009,feat(ci): publish an instrumented coverage badge,unit,TOTAL,11,2639,0.42,2,2280,0.09,70,33214,0.21
2026-09-22T18:23:10Z,b0d6420,1009,feat(ci): publish an instrumented coverage badge,instrumentation,maps-app,508,2338,21.73,80,402,19.9,4796,19503,24.59
2026-09-22T18:23:10Z,b0d6420,1009,feat(ci): publish an instrumented coverage badge,instrumentation,maps-compose-widgets,10,149,6.71,0,48,0.0,62,892,6.95
2026-09-22T18:23:10Z,b0d6420,1009,feat(ci): publish an instrumented coverage badge,instrumentation,TOTAL,518,2487,20.83,80,450,17.78,4858,20395,23.82
2026-09-23T19:50:40Z,74aa729,1008,ci: group dependabot minor and patch updates,unit,maps-compose,0,1953,0.0,0,1800,0.0,0,25121,0.0
2026-09-23T19:50:40Z,74aa729,1008,ci: group dependabot minor and patch updates,unit,maps-compose-utils,11,540,2.04,2,412,0.49,70,6602,1.06
2026-09-23T19:50:40Z,74aa729,1008,ci: group dependabot minor and patch updates,unit,maps-compose-widgets,0,146,0.0,0,68,0.0,0,1491,0.0
2026-09-23T19:50:40Z,74aa729,1008,ci: group dependabot minor and patch updates,unit,TOTAL,11,2639,0.42,2,2280,0.09,70,33214,0.21
2026-09-23T19:50:43Z,74aa729,1008,ci: group dependabot minor and patch updates,instrumentation,maps-app,508,2338,21.73,79,402,19.65,4795,19503,24.59
2026-09-23T19:50:43Z,74aa729,1008,ci: group dependabot minor and patch updates,instrumentation,maps-compose-widgets,10,149,6.71,0,48,0.0,62,892,6.95
2026-09-23T19:50:43Z,74aa729,1008,ci: group dependabot minor and patch updates,instrumentation,TOTAL,518,2487,20.83,79,450,17.56,4857,20395,23.81
2026-09-28T17:40:35Z,977ab46,1016,test: skip map instrumentation tests when no Maps API key is available,unit,maps-compose,0,1953,0.0,0,1800,0.0,0,25121,0.0
2026-09-28T17:40:35Z,977ab46,1016,test: skip map instrumentation tests when no Maps API key is available,unit,maps-compose-utils,11,540,2.04,2,412,0.49,70,6602,1.06
2026-09-28T17:40:35Z,977ab46,1016,test: skip map instrumentation tests when no Maps API key is available,unit,maps-compose-widgets,0,146,0.0,0,68,0.0,0,1491,0.0
2026-09-28T17:40:35Z,977ab46,1016,test: skip map instrumentation tests when no Maps API key is available,unit,TOTAL,11,2639,0.42,2,2280,0.09,70,33214,0.21
2026-09-28T17:40:41Z,977ab46,1016,test: skip map instrumentation tests when no Maps API key is available,instrumentation,maps-app,509,2338,21.77,80,402,19.9,4799,19503,24.61
2026-09-28T17:40:41Z,977ab46,1016,test: skip map instrumentation tests when no Maps API key is available,instrumentation,maps-compose-widgets,10,149,6.71,0,48,0.0,62,892,6.95
2026-09-28T17:40:41Z,977ab46,1016,test: skip map instrumentation tests when no Maps API key is available,instrumentation,TOTAL,519,2487,20.87,80,450,17.78,4861,20395,23.83
2026-10-01T13:04:44Z,109b74a,1020,test: wait for clustered markers instead of map load in clustering tests,unit,maps-compose,0,1953,0.0,0,1800,0.0,0,25121,0.0
2026-10-01T13:04:44Z,109b74a,1020,test: wait for clustered markers instead of map load in clustering tests,unit,maps-compose-utils,11,540,2.04,2,412,0.49,70,6602,1.06
2026-10-01T13:04:44Z,109b74a,1020,test: wait for clustered markers instead of map load in clustering tests,unit,maps-compose-widgets,0,146,0.0,0,68,0.0,0,1491,0.0
2026-10-01T13:04:44Z,109b74a,1020,test: wait for clustered markers instead of map load in clustering tests,unit,TOTAL,11,2639,0.42,2,2280,0.09,70,33214,0.21
2026-10-01T13:04:50Z,109b74a,1020,test: wait for clustered markers instead of map load in clustering tests,instrumentation,maps-app,509,2338,21.77,80,402,19.9,4816,19503,24.69
2026-10-01T13:04:50Z,109b74a,1020,test: wait for clustered markers instead of map load in clustering tests,instrumentation,maps-compose-widgets,10,149,6.71,0,48,0.0,62,892,6.95
2026-10-01T13:04:50Z,109b74a,1020,test: wait for clustered markers instead of map load in clustering tests,instrumentation,TOTAL,519,2487,20.87,80,450,17.78,4878,20395,23.92
2026-10-01T16:09:28Z,5c38780,1019,ci: merge generated docs PRs from the docs workflow,unit,maps-compose,0,1953,0.0,0,1800,0.0,0,25121,0.0
2026-10-01T16:09:28Z,5c38780,1019,ci: merge generated docs PRs from the docs workflow,unit,maps-compose-utils,11,540,2.04,2,412,0.49,70,6602,1.06
2026-10-01T16:09:28Z,5c38780,1019,ci: merge generated docs PRs from the docs workflow,unit,maps-compose-widgets,0,146,0.0,0,68,0.0,0,1491,0.0
2026-10-01T16:09:28Z,5c38780,1019,ci: merge generated docs PRs from the docs workflow,unit,TOTAL,11,2639,0.42,2,2280,0.09,70,33214,0.21
2026-10-01T16:09:32Z,5c38780,1019,ci: merge generated docs PRs from the docs workflow,instrumentation,maps-app,508,2338,21.73,80,402,19.9,4815,19503,24.69
2026-10-01T16:09:32Z,5c38780,1019,ci: merge generated docs PRs from the docs workflow,instrumentation,maps-compose-widgets,10,149,6.71,0,48,0.0,62,892,6.95
2026-10-01T16:09:32Z,5c38780,1019,ci: merge generated docs PRs from the docs workflow,instrumentation,TOTAL,518,2487,20.83,80,450,17.78,4877,20395,23.91
2026-10-01T17:59:48Z,1bbf27e,995,ci: support GEMINI_MODEL repository variable in triage-issue workflow,unit,maps-compose,0,1953,0.0,0,1800,0.0,0,25121,0.0
2026-10-01T17:59:48Z,1bbf27e,995,ci: support GEMINI_MODEL repository variable in triage-issue workflow,unit,maps-compose-utils,11,540,2.04,2,412,0.49,70,6602,1.06
2026-10-01T17:59:48Z,1bbf27e,995,ci: support GEMINI_MODEL repository variable in triage-issue workflow,unit,maps-compose-widgets,0,146,0.0,0,68,0.0,0,1491,0.0
2026-10-01T17:59:48Z,1bbf27e,995,ci: support GEMINI_MODEL repository variable in triage-issue workflow,unit,TOTAL,11,2639,0.42,2,2280,0.09,70,33214,0.21
2026-10-01T17:59:52Z,1bbf27e,995,ci: support GEMINI_MODEL repository variable in triage-issue workflow,instrumentation,maps-app,509,2338,21.77,80,402,19.9,4816,19503,24.69
2026-10-01T17:59:52Z,1bbf27e,995,ci: support GEMINI_MODEL repository variable in triage-issue workflow,instrumentation,maps-compose-widgets,10,149,6.71,0,48,0.0,62,892,6.95
2026-10-01T17:59:52Z,1bbf27e,995,ci: support GEMINI_MODEL repository variable in triage-issue workflow,instrumentation,TOTAL,519,2487,20.87,80,450,17.78,4878,20395,23.92
2026-10-01T18:22:30Z,29a87be,1007,test: add end-to-end smoke tests covering every demo activity,unit,maps-compose,0,1953,0.0,0,1800,0.0,0,25121,0.0
2026-10-01T18:22:30Z,29a87be,1007,test: add end-to-end smoke tests covering every demo activity,unit,maps-compose-utils,11,540,2.04,2,412,0.49,70,6602,1.06
2026-10-01T18:22:30Z,29a87be,1007,test: add end-to-end smoke tests covering every demo activity,unit,maps-compose-widgets,0,146,0.0,0,68,0.0,0,1491,0.0
2026-10-01T18:22:30Z,29a87be,1007,test: add end-to-end smoke tests covering every demo activity,unit,TOTAL,11,2639,0.42,2,2280,0.09,70,33214,0.21
2026-10-01T18:22:34Z,29a87be,1007,test: add end-to-end smoke tests covering every demo activity,instrumentation,maps-app,508,2342,21.69,80,402,19.9,4813,19519,24.66
2026-10-01T18:22:34Z,29a87be,1007,test: add end-to-end smoke tests covering every demo activity,instrumentation,maps-compose-widgets,10,149,6.71,0,48,0.0,62,892,6.95
2026-10-01T18:22:34Z,29a87be,1007,test: add end-to-end smoke tests covering every demo activity,instrumentation,TOTAL,518,2491,20.79,80,450,17.78,4875,20411,23.88
2026-10-01T19:20:17Z,0c49e8d,1002,feat!: migrate from android-maps-ktx to android-maps-utils (v9.0.0),unit,maps-compose,0,1953,0.0,0,1800,0.0,0,25127,0.0
2026-10-01T19:20:17Z,0c49e8d,1002,feat!: migrate from android-maps-ktx to android-maps-utils (v9.0.0),unit,maps-compose-utils,11,540,2.04,2,412,0.49,70,6602,1.06
2026-10-01T19:20:17Z,0c49e8d,1002,feat!: migrate from android-maps-ktx to android-maps-utils (v9.0.0),unit,maps-compose-widgets,0,146,0.0,0,68,0.0,0,1488,0.0
2026-10-01T19:20:17Z,0c49e8d,1002,feat!: migrate from android-maps-ktx to android-maps-utils (v9.0.0),unit,TOTAL,11,2639,0.42,2,2280,0.09,70,33217,0.21
2026-10-01T19:20:21Z,0c49e8d,1002,feat!: migrate from android-maps-ktx to android-maps-utils (v9.0.0),instrumentation,maps-app,508,2342,21.69,80,402,19.9,4815,19519,24.67
2026-10-01T19:20:21Z,0c49e8d,1002,feat!: migrate from android-maps-ktx to android-maps-utils (v9.0.0),instrumentation,maps-compose-widgets,10,149,6.71,0,48,0.0,59,889,6.64
2026-10-01T19:20:21Z,0c49e8d,1002,feat!: migrate from android-maps-ktx to android-maps-utils (v9.0.0),instrumentation,TOTAL,518,2491,20.79,80,450,17.78,4874,20408,23.88
2026-10-01T20:30:19Z,61c3cf0,1024,ci: compare unit coverage against the coverage-history branch,unit,maps-compose,0,1953,0.0,0,1800,0.0,0,25127,0.0
2026-10-01T20:30:19Z,61c3cf0,1024,ci: compare unit coverage against the coverage-history branch,unit,maps-compose-utils,11,540,2.04,2,412,0.49,70,6602,1.06
2026-10-01T20:30:19Z,61c3cf0,1024,ci: compare unit coverage against the coverage-history branch,unit,maps-compose-widgets,0,146,0.0,0,68,0.0,0,1488,0.0
2026-10-01T20:30:19Z,61c3cf0,1024,ci: compare unit coverage against the coverage-history branch,unit,TOTAL,11,2639,0.42,2,2280,0.09,70,33217,0.21
2026-10-01T20:48:33Z,61c3cf0,1024,ci: compare unit coverage against the coverage-history branch,instrumentation,maps-app,508,2342,21.69,80,402,19.9,4813,19519,24.66
2026-10-01T20:48:33Z,61c3cf0,1024,ci: compare unit coverage against the coverage-history branch,instrumentation,maps-compose-widgets,10,149,6.71,0,48,0.0,59,889,6.64
2026-10-01T20:48:33Z,61c3cf0,1024,ci: compare unit coverage against the coverage-history branch,instrumentation,TOTAL,518,2491,20.79,80,450,17.78,4872,20408,23.87
2026-10-01T22:29:21Z,597c8db,1023,test: report instrumentation coverage of the library modules,unit,maps-compose,0,1953,0.0,0,1800,0.0,0,25127,0.0
2026-10-01T22:29:21Z,597c8db,1023,test: report instrumentation coverage of the library modules,unit,maps-compose-utils,11,540,2.04,2,412,0.49,70,6602,1.06
2026-10-01T22:29:21Z,597c8db,1023,test: report instrumentation coverage of the library modules,unit,maps-compose-widgets,0,146,0.0,0,68,0.0,0,1488,0.0
2026-10-01T22:29:21Z,597c8db,1023,test: report instrumentation coverage of the library modules,unit,TOTAL,11,2639,0.42,2,2280,0.09,70,33217,0.21
2026-10-01T22:29:25Z,597c8db,1023,test: report instrumentation coverage of the library modules,instrumentation,maps-app,509,2342,21.73,80,402,19.9,4816,19519,24.67
2026-10-01T22:29:25Z,597c8db,1023,test: report instrumentation coverage of the library modules,instrumentation,maps-compose,1444,2072,69.69,548,1360,40.29,10238,16210,63.16
2026-10-01T22:29:25Z,597c8db,1023,test: report instrumentation coverage of the library modules,instrumentation,maps-compose-utils,350,579,60.45,94,320,29.38,2651,4735,55.99
2026-10-01T22:29:25Z,597c8db,1023,test: report instrumentation coverage of the library modules,instrumentation,maps-compose-widgets,112,149,75.17,15,48,31.25,650,889,73.12
2026-10-01T22:29:25Z,597c8db,1023,test: report instrumentation coverage of the library modules,instrumentation,TOTAL,2415,5142,46.97,737,2130,34.6,18355,41353,44.39
2026-10-05T09:09:13Z,6597744,1022,chore(deps): bump the gradle-minor-and-patch group across 1 directory with 12 updates,unit,maps-compose,0,1953,0.0,0,1800,0.0,0,25127,0.0
2026-10-05T09:09:13Z,6597744,1022,chore(deps): bump the gradle-minor-and-patch group across 1 directory with 12 updates,unit,maps-compose-utils,11,540,2.04,2,412,0.49,70,6607,1.06
2026-10-05T09:09:13Z,6597744,1022,chore(deps): bump the gradle-minor-and-patch group across 1 directory with 12 updates,unit,maps-compose-widgets,0,146,0.0,0,68,0.0,0,1488,0.0
2026-10-05T09:09:13Z,6597744,1022,chore(deps): bump the gradle-minor-and-patch group across 1 directory with 12 updates,unit,TOTAL,11,2639,0.42,2,2280,0.09,70,33222,0.21
2026-10-05T09:09:17Z,6597744,1022,chore(deps): bump the gradle-minor-and-patch group across 1 directory with 12 updates,instrumentation,maps-app,509,2342,21.73,80,402,19.9,4821,19524,24.69
2026-10-05T09:09:17Z,6597744,1022,chore(deps): bump the gradle-minor-and-patch group across 1 directory with 12 updates,instrumentation,maps-compose,1446,2072,69.79,548,1360,40.29,10252,16210,63.24
2026-10-05T09:09:17Z,6597744,1022,chore(deps): bump the gradle-minor-and-patch group across 1 directory with 12 updates,instrumentation,maps-compose-utils,349,579,60.28,94,320,29.38,2650,4736,55.95
2026-10-05T09:09:17Z,6597744,1022,chore(deps): bump the gradle-minor-and-patch group across 1 directory with 12 updates,instrumentation,maps-compose-widgets,112,149,75.17,15,48,31.25,650,889,73.12
2026-10-05T09:09:17Z,6597744,1022,chore(deps): bump the gradle-minor-and-patch group across 1 directory with 12 updates,instrumentation,TOTAL,2416,5142,46.99,737,2130,34.6,18373,41359,44.42
2026-10-07T19:57:50Z,43eff64,1021,chore(deps): bump github/codeql-action/upload-sarif,unit,maps-compose,0,1953,0.0,0,1800,0.0,0,25127,0.0
2026-10-07T19:57:50Z,43eff64,1021,chore(deps): bump github/codeql-action/upload-sarif,unit,maps-compose-utils,11,540,2.04,2,412,0.49,70,6607,1.06
2026-10-07T19:57:50Z,43eff64,1021,chore(deps): bump github/codeql-action/upload-sarif,unit,maps-compose-widgets,0,146,0.0,0,68,0.0,0,1488,0.0
2026-10-07T19:57:50Z,43eff64,1021,chore(deps): bump github/codeql-action/upload-sarif,unit,TOTAL,11,2639,0.42,2,2280,0.09,70,33222,0.21
2026-10-07T19:57:54Z,43eff64,1021,chore(deps): bump github/codeql-action/upload-sarif,instrumentation,maps-app,508,2342,21.69,80,402,19.9,4818,19524,24.68
2026-10-07T19:57:54Z,43eff64,1021,chore(deps): bump github/codeql-action/upload-sarif,instrumentation,maps-compose,1446,2072,69.79,548,1360,40.29,10252,16210,63.24
2026-10-07T19:57:54Z,43eff64,1021,chore(deps): bump github/codeql-action/upload-sarif,instrumentation,maps-compose-utils,349,579,60.28,94,320,29.38,2650,4736,55.95
2026-10-07T19:57:54Z,43eff64,1021,chore(deps): bump github/codeql-action/upload-sarif,instrumentation,maps-compose-widgets,112,149,75.17,15,48,31.25,650,889,73.12
2026-10-07T19:57:54Z,43eff64,1021,chore(deps): bump github/codeql-action/upload-sarif,instrumentation,TOTAL,2415,5142,46.97,737,2130,34.6,18370,41359,44.42
2026-10-08T15:15:06Z,114aaa5,1029,fix(maps-compose): do not apply mapColorScheme to Lite mode maps,unit,maps-compose,0,1965,0.0,0,1804,0.0,0,25158,0.0
2026-10-08T15:15:06Z,114aaa5,1029,fix(maps-compose): do not apply mapColorScheme to Lite mode maps,unit,maps-compose-utils,11,540,2.04,2,412,0.49,70,6607,1.06
2026-10-08T15:15:06Z,114aaa5,1029,fix(maps-compose): do not apply mapColorScheme to Lite mode maps,unit,maps-compose-widgets,0,146,0.0,0,68,0.0,0,1488,0.0
2026-10-08T15:15:06Z,114aaa5,1029,fix(maps-compose): do not apply mapColorScheme to Lite mode maps,unit,TOTAL,11,2651,0.41,2,2284,0.09,70,33253,0.21
2026-10-08T15:17:50Z,622d2f4,1025,docs: explain BEGIN_COMMIT_OVERRIDE for PRs with several changes,unit,maps-compose,0,1965,0.0,0,1804,0.0,0,25158,0.0
2026-10-08T15:17:50Z,622d2f4,1025,docs: explain BEGIN_COMMIT_OVERRIDE for PRs with several changes,unit,maps-compose-utils,11,540,2.04,2,412,0.49,70,6607,1.06
2026-10-08T15:17:50Z,622d2f4,1025,docs: explain BEGIN_COMMIT_OVERRIDE for PRs with several changes,unit,maps-compose-widgets,0,146,0.0,0,68,0.0,0,1488,0.0
2026-10-08T15:17:50Z,622d2f4,1025,docs: explain BEGIN_COMMIT_OVERRIDE for PRs with several changes,unit,TOTAL,11,2651,0.41,2,2284,0.09,70,33253,0.21
2026-10-08T15:39:05Z,622d2f4,1025,docs: explain BEGIN_COMMIT_OVERRIDE for PRs with several changes,instrumentation,maps-app,508,2342,21.69,80,402,19.9,4818,19524,24.68
2026-10-08T15:39:05Z,622d2f4,1025,docs: explain BEGIN_COMMIT_OVERRIDE for PRs with several changes,instrumentation,maps-compose,1458,2084,69.96,554,1366,40.56,10280,16238,63.31
2026-10-08T15:39:05Z,622d2f4,1025,docs: explain BEGIN_COMMIT_OVERRIDE for PRs with several changes,instrumentation,maps-compose-utils,349,579,60.28,94,320,29.38,2650,4736,55.95
2026-10-08T15:39:05Z,622d2f4,1025,docs: explain BEGIN_COMMIT_OVERRIDE for PRs with several changes,instrumentation,maps-compose-widgets,112,149,75.17,15,48,31.25,650,889,73.12
2026-10-08T15:39:05Z,622d2f4,1025,docs: explain BEGIN_COMMIT_OVERRIDE for PRs with several changes,instrumentation,TOTAL,2427,5154,47.09,743,2136,34.78,18398,41387,44.45
